number,value,datetime_start,datetime_complete,duration,params_colsample_bytree,params_eng_avg3,params_eng_delta,params_eng_t1,params_eng_t2,params_gamma,params_learning_rate,params_max_depth,params_min_child_weight,params_min_ip,params_n_estimators,params_reg_alpha,params_reg_lambda,params_subsample,params_use_Batted Ball,params_use_Batter Contact,params_use_Batter Vision,params_use_Horizontal Movement,params_use_Plate Discipline,params_use_Stuff+,params_use_Velocity,params_use_Vertical Movement,params_use_X-Factor,state
0,-0.6621527855902007,2026-03-16 00:05:31.432682,2026-03-16 00:05:33.028902,0 days 00:00:01.596220,0.40921304830970556,False,True,False,False,3.005575058716044,0.1205712628744377,10,2,45,600,0.0017073967431528124,2.9154431891537547,0.7993292420985183,False,False,True,True,True,False,True,True,False,COMPLETE
1,-0.6915931808587276,2026-03-16 00:05:33.029446,2026-03-16 00:05:34.490687,0 days 00:00:01.461241,0.38542676439134516,True,True,True,True,1.2938999080000846,0.1024932221692416,2,5,15,500,0.0013726318898045872,4.337920697490942,0.7200762468698007,False,False,True,False,False,True,True,False,True,COMPLETE
2,-0.6617824421795933,2026-03-16 00:05:34.491121,2026-03-16 00:05:35.983023,0 days 00:00:01.491902,0.8398892426801621,False,False,True,True,4.315517129377968,0.11069143219393454,9,1,40,50,0.02715581955282941,0.0029072088906598446,0.8645035840204937,False,False,True,False,True,False,True,False,False,COMPLETE
3,-0.6646697754137444,2026-03-16 00:05:35.984210,2026-03-16 00:05:36.899989,0 days 00:00:00.915779,0.950788356639801,False,True,False,True,4.018360384495573,0.02679156169946617,2,9,20,350,0.34167643418329696,3.06085221067225,0.5806106436270022,True,False,False,False,False,True,False,True,True,COMPLETE
4,-0.6689206184907392,2026-03-16 00:05:36.900570,2026-03-16 00:05:36.993542,0 days 00:00:00.092972,0.3360351258749925,False,False,False,False,0.7244743604561155,0.07950609693143304,2,3,15,450,4.295992790539128,0.009083381663660588,0.7513395116144308,True,True,False,False,False,True,False,True,True,COMPLETE
5,-0.6552726359800858,2026-03-16 00:05:36.993895,2026-03-16 00:05:37.155626,0 days 00:00:00.161731,0.4805591394006089,False,True,True,False,2.6482528917800323,0.2322119672134763,3,7,20,550,1.857328833311487,0.16626592254031872,0.9386696766904905,True,False,True,False,False,False,True,True,True,COMPLETE
6,-0.6520370137763746,2026-03-16 00:05:37.156022,2026-03-16 00:05:37.215859,0 days 00:00:00.059837,0.7603290246102403,True,True,True,True,1.3260118384086272,0.09111430418810842,8,6,25,500,0.0023697311169867336,0.029570809414943493,0.924611705247089,False,False,True,False,True,False,False,False,True,COMPLETE
7,-0.6721669674497662,2026-03-16 00:05:37.216263,2026-03-16 00:05:37.417653,0 days 00:00:00.201390,0.9553083419125465,False,False,False,False,3.075036133495849,0.017797595772834223,4,7,30,1300,0.19065345519393517,0.0024474057445796832,0.7784006312291751,False,True,False,False,False,True,True,True,False,COMPLETE
8,-0.6569642615462795,2026-03-16 00:05:37.418089,2026-03-16 00:05:37.627270,0 days 00:00:00.209181,0.8758203924617607,True,False,True,True,3.849967765493054,0.011093090790700134,7,4,20,450,0.003222864528968034,0.12273630375458194,0.5186740943746072,True,False,True,True,True,False,False,False,False,COMPLETE
9,-0.6717866280584625,2026-03-16 00:05:37.627675,2026-03-16 00:05:38.159365,0 days 00:00:00.531690,0.593720043699453,False,True,True,True,0.07196744314877934,0.06589434624667669,8,3,35,1450,0.026539376439360548,1.0749405395173413,0.8058603731171761,False,False,True,False,True,False,True,True,True,COMPLETE
10,-0.6683087287382646,2026-03-16 00:05:38.159823,2026-03-16 00:05:38.455967,0 days 00:00:00.296144,0.719103854745746,True,True,True,True,1.673975881116181,0.037142452880519,5,10,50,1150,0.010757412206633198,0.021357941312070177,0.976748018089326,False,True,False,True,True,False,False,False,True,COMPLETE
11,-0.6609750336733732,2026-03-16 00:05:38.456419,2026-03-16 00:05:38.566442,0 days 00:00:00.110023,0.5399595017864214,True,True,True,False,2.084623041637503,0.27924696869564625,6,7,25,900,9.215104158821372,0.16802013950253766,0.996777508003914,True,False,True,False,False,False,False,False,True,COMPLETE
12,-0.6511109230735086,2026-03-16 00:05:38.566883,2026-03-16 00:05:38.842642,0 days 00:00:00.275759,0.7193876731557205,True,True,True,False,2.60957092482149,0.26441092832239166,4,7,10,900,1.1072448678802878,0.02722641527438275,0.9072950643400716,True,False,True,False,False,False,True,True,True,COMPLETE
13,-0.6581435090267297,2026-03-16 00:05:38.843059,2026-03-16 00:05:38.953738,0 days 00:00:00.110679,0.7362805197767058,True,True,True,False,0.8612804269632943,0.17830977107448837,6,6,10,850,0.9339063703383856,0.020027936509923506,0.9006509446735054,True,False,True,False,True,False,False,False,True,COMPLETE
14,-0.6654037102207992,2026-03-16 00:05:38.954110,2026-03-16 00:05:39.429774,0 days 00:00:00.475664,0.6944443502854158,True,True,True,False,1.965934690867702,0.04536188010855307,8,8,10,1050,0.06103726304159691,0.033584310308021045,0.6593712979980784,False,True,True,True,False,False,True,True,True,COMPLETE
15,-0.651537751718001,2026-03-16 00:05:39.430171,2026-03-16 00:05:39.500290,0 days 00:00:00.070119,0.789989507576045,True,True,True,True,3.3912396998348653,0.1669014100236314,4,6,30,200,0.6641109245358096,0.6566272256736716,0.8735437997054583,True,False,True,False,True,False,False,False,True,COMPLETE
16,-0.6516337911432439,2026-03-16 00:05:39.500918,2026-03-16 00:05:39.589830,0 days 00:00:00.088912,0.62535151147639,True,True,True,False,3.5170050110717503,0.16780773891636863,4,5,30,150,0.6717225320269503,0.7040279333827921,0.8519424544455846,True,False,True,False,True,False,True,False,True,COMPLETE
17,-0.6492196773182263,2026-03-16 00:05:39.590464,2026-03-16 00:05:39.793342,0 days 00:00:00.202878,0.8312425097586267,True,True,True,True,4.790261392654704,0.1691696892241733,4,9,35,750,2.3138653431056766,0.5533423143517625,0.8495462264155911,True,False,True,False,False,False,False,True,True,COMPLETE
18,-0.6713802920832779,2026-03-16 00:05:39.793757,2026-03-16 00:05:40.098466,0 days 00:00:00.304709,0.8875196894225166,True,False,False,False,4.755751313889803,0.2207161283274832,5,10,35,750,2.4333479112227785,0.28255955687011364,0.6859751716563139,True,True,False,True,False,True,True,True,False,COMPLETE
19,-0.6572423385562318,2026-03-16 00:05:40.098946,2026-03-16 00:05:40.282821,0 days 00:00:00.183875,0.6588299473498321,True,True,True,True,4.878370519570453,0.28619497480845785,3,9,40,700,8.903405876456812,9.767588175415774,0.8352962697163739,True,False,True,False,False,False,False,True,True,COMPLETE
20,-0.6540335660414262,2026-03-16 00:05:40.283324,2026-03-16 00:05:40.655426,0 days 00:00:00.372102,0.8178830338567882,True,True,True,False,2.421098216084173,0.13439043304022813,5,8,50,950,0.1459208607225153,0.0639325943741621,0.9548423421827561,True,False,True,False,False,False,True,True,True,COMPLETE
21,-0.6475200009779497,2026-03-16 00:05:40.655924,2026-03-16 00:05:40.985516,0 days 00:00:00.329592,0.7748625871268209,True,True,True,True,3.411393548785212,0.16385219741514603,4,8,35,1250,0.5931010133879681,0.4870760999718274,0.8802913271867809,True,False,True,False,False,False,False,True,True,COMPLETE
22,-0.6460641856049046,2026-03-16 00:05:40.985997,2026-03-16 00:05:41.335788,0 days 00:00:00.349791,0.9003360987716991,True,True,True,True,4.363699850838666,0.2029470445822469,3,8,35,1200,1.6183306918680522,0.40254185774082074,0.9087747202411964,True,False,True,False,False,False,False,True,True,COMPLETE
23,-0.6477449126388087,2026-03-16 00:05:41.336249,2026-03-16 00:05:41.695916,0 days 00:00:00.359667,0.996011348690992,True,True,True,True,4.38775128172194,0.1472938166866418,3,9,40,1250,3.529115921090144,0.4016159384154262,0.8252620115467396,True,False,True,False,False,False,False,True,True,COMPLETE
24,-0.6501951234701908,2026-03-16 00:05:41.696378,2026-03-16 00:05:42.119347,0 days 00:00:00.422969,0.9847005781858975,True,True,True,True,4.347733129481003,0.06468061069333259,3,8,40,1500,0.3181204268308501,1.239863989508978,0.8995278703115487,True,False,True,False,False,False,False,True,True,COMPLETE
25,-0.6451478182474772,2026-03-16 00:05:42.120157,2026-03-16 00:05:42.467875,0 days 00:00:00.347718,0.9099767366454066,True,True,True,True,4.323731200207661,0.13780326214880287,3,10,45,1250,4.616793778593308,0.29743452847945495,0.8167803624211295,True,False,True,False,False,False,False,True,True,COMPLETE
26,-0.6812006078488899,2026-03-16 00:05:42.468462,2026-03-16 00:05:42.880034,0 days 00:00:00.411572,0.9045435061078065,True,False,False,True,3.7573079384844497,0.07811755477823926,2,10,45,1350,5.013672639248442,0.07353853845850528,0.7395976772060646,True,True,False,True,False,True,False,True,False,COMPLETE
27,-0.6615361453547622,2026-03-16 00:05:42.880516,2026-03-16 00:05:43.222941,0 days 00:00:00.342425,0.9072602028922441,True,True,True,True,3.216135734715375,0.20024422383264667,3,8,45,1200,0.39566219435899624,1.1557127895560761,0.7840897205591866,True,False,True,False,False,False,False,True,True,COMPLETE
28,-0.650609088984403,2026-03-16 00:05:43.223491,2026-03-16 00:05:43.557418,0 days 00:00:00.333927,0.7910385388697235,True,True,True,True,4.064595987574953,0.05166130490087511,5,10,35,1050,1.2598053837011223,0.25490550996151784,0.8820461632775793,True,False,True,False,False,False,False,True,True,COMPLETE
29,-0.6646556644728691,2026-03-16 00:05:43.557918,2026-03-16 00:05:44.009415,0 days 00:00:00.451497,0.8605521758501062,True,True,False,True,3.6522740699044225,0.12384613409576312,10,9,45,1400,5.5472671806116916,2.013624406001602,0.9618001414754718,True,False,True,True,False,False,False,True,False,COMPLETE
30,-0.6609616792563237,2026-03-16 00:05:44.009919,2026-03-16 00:05:44.372825,0 days 00:00:00.362906,0.9295673037066864,True,True,True,True,4.47750995769197,0.12155672394367435,3,8,45,1100,0.08280238014368753,7.155805169146467,0.8226259232371986,True,False,True,False,False,False,False,True,True,COMPLETE
31,-0.6472954707868173,2026-03-16 00:05:44.373313,2026-03-16 00:05:44.712814,0 days 00:00:00.339501,0.9863529229529766,True,True,True,True,4.444766982282491,0.1371132228887369,3,9,40,1250,3.4893466491481897,0.4023405834492229,0.8164079682227652,True,False,True,False,False,False,False,True,True,COMPLETE
32,-0.6411602737542356,2026-03-16 00:05:44.713321,2026-03-16 00:05:45.053782,0 days 00:00:00.340461,0.9526994256296698,True,True,True,True,4.998590618223326,0.10356632505982238,2,10,40,1250,1.717947677710577,0.345543231790593,0.788147447792664,True,False,True,False,False,False,False,True,True,COMPLETE
33,-0.6533655143795591,2026-03-16 00:05:45.054406,2026-03-16 00:05:45.427303,0 days 00:00:00.372897,0.9587290055399295,True,True,True,True,4.9889578603736995,0.10361114440155102,2,10,50,1350,1.711951379961957,0.21785219793422497,0.6895629723407677,True,False,True,False,False,False,False,True,True,COMPLETE
34,-0.6456907782121137,2026-03-16 00:05:45.427803,2026-03-16 00:05:45.825521,0 days 00:00:00.397718,0.9952967455885575,True,True,True,True,4.5561208727714915,0.09636046461656698,2,9,40,1000,3.1388651021519522,0.11464353623369822,0.7637251049319427,True,False,True,False,False,True,False,True,True,COMPLETE
35,-0.6509006065599847,2026-03-16 00:05:45.825955,2026-03-16 00:05:46.075333,0 days 00:00:00.249378,0.9376231979600156,False,True,True,True,4.095017696404041,0.09384433278528134,2,10,45,1000,6.535473213403254,0.08705579228830053,0.7628928088302753,True,False,True,False,False,True,False,True,True,COMPLETE
36,-0.6633234648560032,2026-03-16 00:05:46.075829,2026-03-16 00:05:46.366393,0 days 00:00:00.290564,0.864839680881245,True,False,False,True,4.671267710438562,0.07203474801914694,2,9,40,1100,2.923328624014153,0.005061897917210768,0.7096049172289437,True,False,False,False,False,True,False,True,True,COMPLETE
37,-0.6508243629860155,2026-03-16 00:05:46.367001,2026-03-16 00:05:46.616899,0 days 00:00:00.249898,0.9217865866964386,False,True,True,True,4.086075064600192,0.11336187130957522,2,10,45,1150,1.2274186166381267,0.053870296826756016,0.7365828547115405,False,False,True,False,False,True,False,True,False,COMPLETE
38,-0.6502515429583463,2026-03-16 00:05:46.617396,2026-03-16 00:05:46.798039,0 days 00:00:00.180643,0.4200805399659642,True,True,True,True,4.5874745846790415,0.09258975590221716,2,9,35,650,1.9047050789951774,0.11205823992350146,0.6612802812246581,True,True,True,False,False,True,False,True,True,COMPLETE
39,-0.6560685672760009,2026-03-16 00:05:46.798542,2026-03-16 00:05:47.041203,0 days 00:00:00.242661,0.9627308616065315,False,False,False,True,2.9277313200710298,0.2108911875497628,3,2,25,1350,5.8343239754332785,0.0012911184457397593,0.7891065596687679,True,False,False,False,False,True,False,True,True,COMPLETE
40,-0.6571138265783137,2026-03-16 00:05:47.041723,2026-03-16 00:05:47.402518,0 days 00:00:00.360795,0.8357433369688227,True,True,True,True,4.990670423615106,0.032774967318355705,2,7,40,1450,0.23524766668152805,2.0927173448157532,0.5838426639445743,False,False,True,False,False,True,False,True,False,COMPLETE
41,-0.6500522205179389,2026-03-16 00:05:47.402988,2026-03-16 00:05:47.850968,0 days 00:00:00.447980,0.9803951789484752,True,True,True,True,4.277306753650006,0.14013941484813047,3,9,40,1250,3.331551386031609,0.3429659995941357,0.7604390984531956,True,False,True,False,False,False,False,True,True,COMPLETE
42,-0.645151815067638,2026-03-16 00:05:47.851446,2026-03-16 00:05:48.177122,0 days 00:00:00.325676,0.9929459365307646,True,True,True,True,4.582308967655061,0.10594011087869792,3,9,40,1200,4.550933762227647,0.15664996356911717,0.8020880447975046,True,False,True,False,False,False,False,True,True,COMPLETE
43,-0.6499676389405222,2026-03-16 00:05:48.177607,2026-03-16 00:05:48.491383,0 days 00:00:00.313776,0.9396619857114308,True,True,True,True,3.9381504027606185,0.0813886672846773,2,10,35,1150,9.327657322299183,0.1608440140198773,0.7181822609244938,True,False,True,False,False,True,False,True,True,COMPLETE
44,-0.6450460397546942,2026-03-16 00:05:48.491914,2026-03-16 00:05:48.852842,0 days 00:00:00.360928,0.8948983571971519,True,True,True,True,4.61206169593152,0.05563163402472675,3,10,50,1050,1.818675020532788,0.04308703519375116,0.8059840080309898,True,False,True,False,False,False,False,True,True,COMPLETE
45,-0.6426240805423621,2026-03-16 00:05:48.853289,2026-03-16 00:05:49.093518,0 days 00:00:00.240229,0.9962410404189023,False,True,True,True,4.720091361656753,0.05643444675601507,9,10,50,850,0.0010724578304322696,0.009959935040075705,0.7956175886848518,True,False,True,False,False,False,False,True,True,COMPLETE
46,-0.6430468914725564,2026-03-16 00:05:49.093994,2026-03-16 00:05:49.542534,0 days 00:00:00.448540,0.8776201149669223,False,True,True,True,4.722610301422943,0.05349736241076224,10,10,50,850,0.005786591851939168,0.010073901335132876,0.7995248130184156,False,True,True,True,True,False,False,True,True,COMPLETE
47,-0.6465814797372529,2026-03-16 00:05:49.543067,2026-03-16 00:05:49.777832,0 days 00:00:00.234765,0.8590707700987118,False,False,True,True,4.198415007317627,0.02258218783327143,9,10,50,800,0.001408369596444757,0.010810347369069143,0.8442308183711952,False,True,True,True,True,False,False,False,True,COMPLETE
48,-0.6433297424605399,2026-03-16 00:05:49.778331,2026-03-16 00:05:50.117112,0 days 00:00:00.338781,0.8181654156726403,False,True,True,True,4.7867036221658745,0.04139620321939437,10,10,50,900,0.004778025082540969,0.013009256114970658,0.7956512501016096,False,True,False,True,True,False,False,True,True,COMPLETE
49,-0.6511321955883141,2026-03-16 00:05:50.117640,2026-03-16 00:05:50.353326,0 days 00:00:00.235686,0.8032331178904856,False,True,True,True,4.741941501167986,0.03976368699447653,9,10,50,850,0.004528757521323943,0.00822817164143678,0.7789768708765729,False,True,False,True,True,False,False,False,True,COMPLETE
50,-0.6588470569668394,2026-03-16 00:05:50.353836,2026-03-16 00:05:50.613974,0 days 00:00:00.260138,0.7382754715455075,False,True,False,True,4.9944240794020045,0.056783312752896525,10,4,50,550,0.007061877613310458,0.015189881908551042,0.8618295242479403,False,True,False,True,True,False,True,True,True,COMPLETE
51,-0.6491145168940227,2026-03-16 00:05:50.614456,2026-03-16 00:05:50.983588,0 days 00:00:00.369132,0.8896564461243034,False,True,True,True,4.784219007559152,0.029661947059077647,9,10,50,900,0.01474318129580823,0.004926363058346663,0.8058059326403126,False,True,False,True,True,False,False,True,True,COMPLETE
52,-0.648955805576209,2026-03-16 00:05:50.984101,2026-03-16 00:05:51.379961,0 days 00:00:00.395860,0.848063339547217,False,True,True,True,4.648818014943733,0.044047794612246546,10,1,50,950,0.002530767033962263,0.0405962676659664,0.7924101966441409,False,True,False,True,True,False,False,True,True,COMPLETE
53,-0.6438908646612457,2026-03-16 00:05:51.380482,2026-03-16 00:05:51.710300,0 days 00:00:00.329818,0.9546795083039123,False,True,True,True,4.234745809891363,0.06222792472557855,10,10,45,800,0.001193401953202429,0.006282028575934126,0.7490274620458566,False,True,False,True,True,False,False,True,True,COMPLETE
54,-0.645758939482949,2026-03-16 00:05:51.710840,2026-03-16 00:05:52.046020,0 days 00:00:00.335180,0.956371208133665,False,True,True,True,3.8224451829041994,0.05660682520515043,9,10,50,850,0.0010001587154285696,0.003464191778249732,0.7528400648839433,False,True,False,True,True,False,False,True,True,COMPLETE
55,-0.6434132068807429,2026-03-16 00:05:52.046519,2026-03-16 00:05:52.244437,0 days 00:00:00.197918,0.3128602731860785,False,True,True,False,4.825214102748125,0.04716369381160438,10,9,45,650,0.001962251584484256,0.012172049670791836,0.7225974094618091,False,True,False,True,True,False,False,True,True,COMPLETE
56,-0.6466331560539478,2026-03-16 00:05:52.244937,2026-03-16 00:05:52.453107,0 days 00:00:00.208170,0.34002156360849967,False,True,True,False,4.797767286748979,0.04845499392475068,10,9,45,650,0.0020146764188960983,0.0019323315137024465,0.6950407582071647,False,True,False,True,True,False,False,True,True,COMPLETE
57,-0.6943227046619762,2026-03-16 00:05:52.453639,2026-03-16 00:05:52.864835,0 days 00:00:00.411196,0.5736421842885004,False,True,True,False,0.5476836211900507,0.0368743222507659,8,9,45,800,0.004145571219471502,0.006921944350701278,0.7340260662164213,False,True,False,True,True,False,True,False,False,COMPLETE
58,-0.6506796546993833,2026-03-16 00:05:52.865263,2026-03-16 00:05:53.024265,0 days 00:00:00.159002,0.4952765896150664,False,False,True,False,4.925024195182181,0.024263194317749863,10,5,45,400,0.006117458655986704,0.019339217255269804,0.6147161859826497,False,True,False,True,True,False,False,True,True,COMPLETE
59,-0.6489342747023612,2026-03-16 00:05:53.024755,2026-03-16 00:05:53.231245,0 days 00:00:00.206490,0.40683144368676194,False,True,True,False,4.2122417172104,0.06483049364130786,7,10,50,700,0.0010150567406281294,0.010783510575717291,0.7717498566360345,False,True,False,True,True,False,False,True,True,COMPLETE
60,-0.6502300143097386,2026-03-16 00:05:53.231739,2026-03-16 00:05:53.450842,0 days 00:00:00.219103,0.6857729300921009,False,True,True,False,4.833660700364652,0.013558017143562114,9,10,45,550,0.03440496349477821,0.014652846161779733,0.6353530537970095,False,True,False,True,True,False,False,True,True,COMPLETE
61,-0.647282254190156,2026-03-16 00:05:53.451350,2026-03-16 00:05:53.756914,0 days 00:00:00.305564,0.8869493037442777,False,True,True,True,4.536027836308113,0.043679950961105996,10,10,50,700,0.0027975673056980645,0.005781799423543325,0.7426084059553074,False,True,False,True,True,False,False,True,True,COMPLETE
62,-0.6441818279786543,2026-03-16 00:05:53.757394,2026-03-16 00:05:53.996840,0 days 00:00:00.239446,0.3011537638262675,False,True,True,False,4.761382885375613,0.0597196716301091,10,10,50,950,0.001663548913242903,0.0036667860494344496,0.7946918781684527,False,True,False,True,True,False,False,True,True,COMPLETE
63,-0.6491674064578433,2026-03-16 00:05:53.997356,2026-03-16 00:05:54.250827,0 days 00:00:00.253471,0.3692393949102971,False,True,True,False,4.8047526655183725,0.07153596984416166,10,9,50,950,0.001465512887569571,0.00328600123898645,0.8412613093868049,False,True,False,True,True,False,False,True,True,COMPLETE
64,-0.6459585343274202,2026-03-16 00:05:54.251326,2026-03-16 00:05:54.490158,0 days 00:00:00.238832,0.3000621210906138,False,True,True,False,4.456095752816006,0.03915520443421048,9,10,45,750,0.0018051903440565809,0.003937135362144501,0.7201371356400305,False,True,False,True,True,False,False,True,True,COMPLETE
65,-0.6438135480880738,2026-03-16 00:05:54.490976,2026-03-16 00:05:54.947950,0 days 00:00:00.456974,0.4781272149886709,False,True,True,False,4.214591676997635,0.06082760641382404,10,9,50,850,0.0038581276311634377,0.025570073539534315,0.777531680631347,False,True,False,True,True,False,True,True,True,COMPLETE
66,-0.6457097687576757,2026-03-16 00:05:54.948404,2026-03-16 00:05:55.246452,0 days 00:00:00.298048,0.4709597094611561,False,True,True,False,3.9998772185473173,0.08322531636669316,9,8,45,600,0.01232382264116402,0.024382520466834787,0.6713643511612515,False,True,False,True,True,False,True,True,True,COMPLETE
67,-0.6524495977054942,2026-03-16 00:05:55.246891,2026-03-16 00:05:55.495107,0 days 00:00:00.248216,0.44628590437717214,False,True,True,False,3.6290867165965093,0.05184975307257306,10,9,50,800,0.003555511512394839,0.011055292292159248,0.7735531066080754,False,True,False,True,True,False,True,False,True,COMPLETE
68,-0.684700265161919,2026-03-16 00:05:55.495668,2026-03-16 00:05:55.796983,0 days 00:00:00.301315,0.5274630134946576,False,True,False,False,1.606818286525741,0.03179905641747644,7,8,45,900,0.00778520743920526,0.0022870153776454643,0.5059343308396188,False,True,False,True,True,False,True,True,False,COMPLETE
69,-0.6524245950236465,2026-03-16 00:05:55.797531,2026-03-16 00:05:56.079622,0 days 00:00:00.282091,0.6525267241652954,False,True,True,False,4.202540809700947,0.0715717094078579,8,9,50,650,0.005111483550102837,0.017156408641898883,0.8274717637131971,False,True,False,True,True,False,True,True,True,COMPLETE
70,-0.6492073400670832,2026-03-16 00:05:56.080094,2026-03-16 00:05:56.396712,0 days 00:00:00.316618,0.9682744228422542,False,False,True,True,4.38685329021555,0.04936498435069867,10,9,45,450,0.022142328261432805,0.027454563714237133,0.7229331426681918,False,True,False,True,True,False,True,True,True,COMPLETE
71,-0.6397301026835587,2026-03-16 00:05:56.397209,2026-03-16 00:05:56.688613,0 days 00:00:00.291404,0.30402467145039624,False,True,True,False,4.686448586069219,0.05897624493749959,10,10,50,850,0.0023193841938578025,0.007574555291092849,0.789828933565513,False,True,False,True,True,False,False,True,True,COMPLETE
72,-0.643231639919859,2026-03-16 00:05:56.689107,2026-03-16 00:05:56.983533,0 days 00:00:00.294426,0.3276556660110546,False,True,True,False,4.659506874944375,0.06396275431560532,10,10,50,850,0.002206471459755816,0.011927004307120199,0.7747407630848635,False,True,False,True,True,False,False,True,True,COMPLETE
73,-0.6450067428531069,2026-03-16 00:05:56.984140,2026-03-16 00:05:57.225840,0 days 00:00:00.241700,0.3547421638628243,False,True,True,False,4.886085007400307,0.045492580783743276,10,10,50,750,0.002296957290878625,0.008005339096400105,0.811903011722319,False,True,False,True,True,False,False,True,True,COMPLETE
74,-0.6496852686910918,2026-03-16 00:05:57.226568,2026-03-16 00:05:57.634898,0 days 00:00:00.408330,0.3149117867290287,False,True,True,False,4.692493280623936,0.0358681962418192,9,10,50,850,0.003472024387311435,0.01337200710543872,0.7815704536154947,False,True,False,True,True,False,True,True,True,COMPLETE
75,-0.6515678937796391,2026-03-16 00:05:57.635356,2026-03-16 00:05:57.947019,0 days 00:00:00.311663,0.39648150765567286,False,True,True,False,4.483363893911461,0.042041997112920414,6,9,50,1000,0.009541500109155323,0.021675854580837376,0.8279529512984766,False,True,False,True,True,False,False,True,True,COMPLETE
76,-0.6511439334984982,2026-03-16 00:05:57.947493,2026-03-16 00:05:58.065339,0 days 00:00:00.117846,0.3316723785171993,False,True,True,False,4.659555448729775,0.0677831045179972,10,10,50,250,0.003022933409852903,0.034211547030100736,0.8595879048249742,False,True,False,True,True,False,False,True,True,COMPLETE
77,-0.6475575444770583,2026-03-16 00:05:58.065810,2026-03-16 00:05:58.291613,0 days 00:00:00.225803,0.4300287296123955,False,True,True,False,4.896388456780211,0.052683375393183844,9,9,25,850,0.0019723749909787303,0.0098576198813602,0.764457793948226,False,True,False,True,True,False,False,True,True,COMPLETE
78,-0.6405538308114718,2026-03-16 00:05:58.292464,2026-03-16 00:05:58.547724,0 days 00:00:00.255260,0.3693724426778598,False,True,True,False,4.991756908448285,0.07886328614943103,10,10,50,900,0.004301247356491617,0.012355759856638749,0.7955699430188635,False,True,False,True,True,False,False,True,True,COMPLETE
79,-0.6600210937731193,2026-03-16 00:05:58.548488,2026-03-16 00:05:58.794726,0 days 00:00:00.246238,0.3788780190076301,False,True,False,False,2.383833449854493,0.08583288538871132,9,10,15,900,0.005416418047972362,0.013938404968928229,0.7937184918264943,False,True,True,True,True,False,False,True,True,COMPLETE
80,-0.6571404981035175,2026-03-16 00:05:58.795191,2026-03-16 00:05:58.984009,0 days 00:00:00.188818,0.3286411131366065,False,True,True,False,4.954839339093456,0.07671346370417109,10,10,45,700,0.0024139953144758147,0.004568202680635771,0.8351214929698895,False,True,True,True,True,False,False,True,False,COMPLETE
81,-0.6398277352650961,2026-03-16 00:05:58.984595,2026-03-16 00:05:59.226094,0 days 00:00:00.241499,0.3426760227334149,False,True,True,False,4.476545091476892,0.06030030586544445,10,10,50,900,0.004014615201628099,0.007721840134934769,0.7545210431597247,False,True,False,True,True,False,False,True,True,COMPLETE
82,-0.6492669421398279,2026-03-16 00:05:59.226608,2026-03-16 00:05:59.589813,0 days 00:00:00.363205,0.3610588899389054,False,True,True,False,4.5212532648744705,0.04696091590533411,10,10,50,950,0.008239521824368221,0.007655411392051013,0.7032834439624466,False,True,False,True,True,False,False,True,True,COMPLETE
83,-0.644853758985346,2026-03-16 00:05:59.590230,2026-03-16 00:05:59.838039,0 days 00:00:00.247809,0.32099526584966154,False,True,True,False,4.703843622223171,0.07563449411207449,10,10,50,1000,0.0012648005049849657,0.01223741272549322,0.7542071615672751,False,True,False,True,True,False,False,True,True,COMPLETE
84,-0.6473477848804359,2026-03-16 00:05:59.838538,2026-03-16 00:06:00.200604,0 days 00:00:00.362066,0.34556099954866387,False,True,True,False,4.3835193408035895,0.06043135511754691,9,10,50,1050,0.017340441966462172,0.008656071653147999,0.8143091060432904,False,True,False,True,True,False,False,True,True,COMPLETE
85,-0.6445372156374383,2026-03-16 00:06:00.201102,2026-03-16 00:06:00.424879,0 days 00:00:00.223777,0.38664056266798674,False,True,True,False,4.986203737569994,0.06720840312185575,10,10,45,600,0.050514646464366826,0.005507930224095545,0.8002586155398607,False,True,False,True,True,False,False,True,True,COMPLETE
86,-0.6485504184491707,2026-03-16 00:06:00.425419,2026-03-16 00:06:00.642488,0 days 00:00:00.217069,0.31477162072144993,False,True,True,False,4.592298381407984,0.0873784324609753,7,9,50,900,0.0030576413342220635,0.0027249941180453345,0.7362752001116554,False,True,True,True,True,False,False,False,True,COMPLETE
87,-0.6503422335133409,2026-03-16 00:06:00.643043,2026-03-16 00:06:00.965367,0 days 00:00:00.322324,0.3575488234695658,False,False,True,False,4.836451716580099,0.09963153848451049,9,10,50,1100,0.11701334110989987,0.018292806377637152,0.7682869040119762,False,True,False,True,True,False,False,True,True,COMPLETE
88,-0.6408635379328873,2026-03-16 00:06:00.965996,2026-03-16 00:06:01.277928,0 days 00:00:00.311932,0.379338874518326,False,True,True,False,4.7137892983181535,0.05436182876827811,10,10,45,800,0.006272524907940801,0.8407521951344268,0.7815038366014324,False,True,True,True,True,False,False,True,True,COMPLETE
89,-0.6457547634298152,2026-03-16 00:06:01.278444,2026-03-16 00:06:01.749141,0 days 00:00:00.470697,0.7590133212753682,False,True,True,True,2.8558906640683466,0.05284047644604718,10,10,50,800,0.00636881573943303,0.9011446490978828,0.7865086034797455,False,True,True,True,True,False,False,True,True,COMPLETE
90,-0.6459213797251383,2026-03-16 00:06:01.749924,2026-03-16 00:06:02.156315,0 days 00:00:00.406391,0.6245984063802293,False,True,True,True,4.325350711261333,0.11684470276919035,8,4,45,750,0.004865275876652466,3.6585068285212374,0.8149975969312012,False,True,True,True,True,False,False,True,True,COMPLETE
91,-0.6408201372262203,2026-03-16 00:06:02.156793,2026-03-16 00:06:02.406725,0 days 00:00:00.249932,0.37991450944563554,False,True,True,False,4.721056205035304,0.04051471689470986,10,10,45,900,0.0016763001151713192,0.6497294711256514,0.7286203104565059,False,True,True,True,True,False,False,True,True,COMPLETE
92,-0.6413804962273801,2026-03-16 00:06:02.407220,2026-03-16 00:06:02.758335,0 days 00:00:00.351115,0.3812973978343659,False,True,True,False,4.6836513629917675,0.039732481484904575,10,10,50,1000,0.0015847719733829348,1.7000847130820045,0.7507460984327087,False,True,True,True,True,False,False,True,True,COMPLETE
93,-0.6402735680377845,2026-03-16 00:06:02.758861,2026-03-16 00:06:03.012659,0 days 00:00:00.253798,0.3776050070787506,False,True,True,False,4.673619516900364,0.03449961799863694,10,10,45,900,0.001351959344104115,1.6100534009736527,0.7564481324107881,False,True,True,True,True,False,False,True,True,COMPLETE
94,-0.6434265226017345,2026-03-16 00:06:03.013133,2026-03-16 00:06:03.305928,0 days 00:00:00.292795,0.43729089268041704,False,True,True,False,4.490805184025029,0.02886884101367076,10,10,40,950,0.0012839418819811034,1.336592999442547,0.7531538412652033,False,True,True,True,True,False,False,True,True,COMPLETE
95,-0.6508901109117451,2026-03-16 00:06:03.306411,2026-03-16 00:06:03.659564,0 days 00:00:00.353153,0.41497297084943635,False,True,True,False,4.114402554964734,0.034283824458866935,9,6,45,1000,0.001776563084772464,1.7675719261505507,0.7300505509998664,True,False,True,True,True,False,False,True,True,COMPLETE
96,-0.6447993338035815,2026-03-16 00:06:03.660156,2026-03-16 00:06:03.847551,0 days 00:00:00.187395,0.39378836137981327,False,True,False,False,4.593921776281814,0.025821456598111112,10,10,45,900,0.001694650572621693,0.8360277223389944,0.7446095630257854,False,True,True,False,True,False,False,True,True,COMPLETE
97,-0.6459940684925426,2026-03-16 00:06:03.848054,2026-03-16 00:06:04.083894,0 days 00:00:00.235840,0.45909514118372163,False,True,True,False,4.717203941857048,0.03911268018087049,10,9,40,800,0.0010672268601999964,2.37492989599421,0.7130545875035222,False,True,True,True,False,False,False,True,True,COMPLETE
98,-0.6590576342669401,2026-03-16 00:06:04.084723,2026-03-16 00:06:04.409991,0 days 00:00:00.325268,0.3730705601692455,False,True,True,False,4.890473000966688,0.02151664971765601,5,10,30,850,0.00148851031403928,0.7105855157037357,0.7635723590698569,True,False,True,True,True,False,False,True,False,COMPLETE
99,-0.6463380844231807,2026-03-16 00:06:04.410659,2026-03-16 00:06:04.609318,0 days 00:00:00.198659,0.3405652141225641,False,True,True,False,4.423612307397031,0.05768700401057626,9,10,45,950,0.002593091450441931,0.4997556597731787,0.7040862568949008,False,True,True,False,True,True,False,False,True,COMPLETE
100,-0.6477722754044967,2026-03-16 00:06:04.609793,2026-03-16 00:06:04.850251,0 days 00:00:00.240458,0.39756138339332925,False,False,True,False,3.883032545406908,0.032822258520537516,10,9,45,1000,0.010662102652191351,3.0539760824983335,0.7880877217482395,False,True,True,True,False,False,False,True,True,COMPLETE
101,-0.6395311749487212,2026-03-16 00:06:04.850912,2026-03-16 00:06:05.125915,0 days 00:00:00.275003,0.3478219386031988,False,True,True,False,4.6697264379182855,0.06496975563697542,10,10,50,850,0.0021567519500458824,1.358643052047325,0.7772466194558438,False,True,True,True,True,False,False,True,True,COMPLETE
102,-0.6376865643876972,2026-03-16 00:06:05.126388,2026-03-16 00:06:05.378408,0 days 00:00:00.252020,0.3614879548348451,False,True,True,False,4.725166571946194,0.05490488022762705,10,10,50,900,0.004047655519564234,1.4196849552162787,0.8052394231914909,False,True,True,True,True,False,False,True,True,COMPLETE
103,-0.6409667505206484,2026-03-16 00:06:05.378924,2026-03-16 00:06:05.733510,0 days 00:00:00.354586,0.3516329327511175,False,True,True,False,4.559392010274285,0.04955813069592975,10,10,50,900,0.004106220072394455,1.283987656858924,0.7541400697796308,False,True,True,True,True,False,False,True,True,COMPLETE
104,-0.6390124792041201,2026-03-16 00:06:05.734315,2026-03-16 00:06:06.033099,0 days 00:00:00.298784,0.3515945488403081,False,True,True,False,4.306589295717392,0.0498752580561154,10,10,50,1050,0.0036942168870351243,1.582294023724586,0.7573267292097533,False,True,True,True,True,False,False,True,True,COMPLETE
105,-0.6422807445237131,2026-03-16 00:06:06.033898,2026-03-16 00:06:06.326187,0 days 00:00:00.292289,0.3639811535819034,False,True,True,False,4.344470537870318,0.04980859576099539,10,10,50,1050,0.0038238777005000493,5.5051707989124665,0.7594980753594134,False,True,True,True,True,False,False,True,True,COMPLETE
106,-0.6426357754505042,2026-03-16 00:06:06.326675,2026-03-16 00:06:06.626076,0 days 00:00:00.299401,0.3490949782890369,False,True,True,False,4.565100870765997,0.069282431292545,10,10,45,1100,0.003076694018432697,1.4608943235037446,0.7305876367856786,False,True,True,True,True,False,False,True,True,COMPLETE
107,-0.6710246325406162,2026-03-16 00:06:06.626606,2026-03-16 00:06:07.080866,0 days 00:00:00.454260,0.40448530988436043,False,True,True,False,0.05328080793509837,0.04368286218334773,10,9,50,900,0.0044613269628694715,2.5603342208467788,0.7834049669763393,False,True,True,True,True,False,False,True,True,COMPLETE
108,-0.6379056871009595,2026-03-16 00:06:07.081333,2026-03-16 00:06:07.312984,0 days 00:00:00.231651,0.4265396152182431,False,True,True,False,4.9995218487950925,0.07459149721812576,10,10,50,750,0.0026851013533905365,0.9964794664757182,0.8067306173500772,False,True,True,True,True,False,False,True,True,COMPLETE
109,-0.6392948664173936,2026-03-16 00:06:07.313444,2026-03-16 00:06:07.555224,0 days 00:00:00.241780,0.42221794631765514,False,True,True,False,4.896384952394774,0.06310895128316993,10,10,50,750,0.0026496521197122667,1.0258505732124743,0.7471554875779677,False,True,True,True,True,False,False,True,True,COMPLETE
110,-0.6359777623667862,2026-03-16 00:06:07.555739,2026-03-16 00:06:07.827955,0 days 00:00:00.272216,0.43044566565349696,False,True,True,False,4.8801337542575745,0.0731650967684997,10,9,50,750,0.00271781675799127,1.0130317448204997,0.8063623514947011,False,True,True,True,True,False,False,True,True,COMPLETE
111,-0.636911783247283,2026-03-16 00:06:07.828439,2026-03-16 00:06:08.054121,0 days 00:00:00.225682,0.42113835410516176,False,True,True,False,4.881450442719899,0.07739263108482523,10,10,50,750,0.002779673818658309,1.0271299825426796,0.804559531071865,False,True,True,True,True,False,False,True,True,COMPLETE
112,-0.6438629671732585,2026-03-16 00:06:08.054603,2026-03-16 00:06:08.295291,0 days 00:00:00.240688,0.49698793465902813,False,True,True,False,4.928547931075789,0.07625792827731757,10,10,50,750,0.00264072888537504,0.9906251107114525,0.8224298249182731,False,True,True,True,True,False,False,True,True,COMPLETE
113,-0.6350606187762635,2026-03-16 00:06:08.295888,2026-03-16 00:06:08.526577,0 days 00:00:00.230689,0.42841045124752686,False,True,True,False,4.83940666160852,0.0731189239937551,10,9,50,750,0.002175096286071745,0.6741193076370329,0.8062215201858465,False,True,True,True,True,False,False,True,True,COMPLETE
114,-0.6332599956917042,2026-03-16 00:06:08.527054,2026-03-16 00:06:08.782951,0 days 00:00:00.255897,0.42308236046552455,False,True,True,False,4.851564737789371,0.08825386733195448,10,9,50,700,0.0022342588891641796,1.0247370289784765,0.8364258113559722,False,True,True,True,True,False,False,True,True,COMPLETE
115,-0.6425578908631296,2026-03-16 00:06:08.783418,2026-03-16 00:06:09.024017,0 days 00:00:00.240599,0.42349252543208954,False,True,True,False,4.831182765418695,0.07296467272221603,9,8,50,700,0.0021883577278092895,1.0539370752306343,0.8702635318010826,False,True,True,True,True,False,False,True,True,COMPLETE
116,-0.6360018740856288,2026-03-16 00:06:09.024492,2026-03-16 00:06:09.272232,0 days 00:00:00.247740,0.44551139003094514,False,True,True,False,4.867374631576931,0.09031551373584179,10,9,50,700,0.0031024277473976018,0.5841592451145134,0.8546467891914048,False,True,True,True,True,False,False,True,True,COMPLETE
117,-0.6410067699027785,2026-03-16 00:06:09.272682,2026-03-16 00:06:09.442747,0 days 00:00:00.170065,0.4521910740620502,False,True,False,False,4.8667899213355605,0.09107304880431186,10,9,50,700,0.0033296368246856127,0.6597490753229458,0.8894936792699804,False,True,True,True,True,False,False,True,True,COMPLETE
118,-0.6400834712982179,2026-03-16 00:06:09.443309,2026-03-16 00:06:09.695199,0 days 00:00:00.251890,0.49667406666699454,False,True,True,False,4.848099232350836,0.10782164545624927,9,8,50,650,0.002653563193673709,1.1488496396454304,0.8549770370738529,False,True,True,True,True,True,False,True,True,COMPLETE
119,-0.6584525821570194,2026-03-16 00:06:09.695656,2026-03-16 00:06:09.939961,0 days 00:00:00.244305,0.43680311897484403,False,True,True,False,3.2216753219609946,0.08084371236132039,10,9,50,750,0.002083249106648951,0.47064255758272916,0.8444092698880873,False,True,True,True,True,False,False,True,False,COMPLETE
120,-0.6454354317694,2026-03-16 00:06:09.940408,2026-03-16 00:06:10.079011,0 days 00:00:00.138603,0.4624204976404443,False,True,True,False,4.444042170191885,0.06396641460844323,10,9,50,600,0.0034946608421989617,2.0922291482286672,0.8277527488088624,False,True,True,True,True,False,False,False,True,COMPLETE
121,-0.6430628795912771,2026-03-16 00:06:10.079520,2026-03-16 00:06:10.299836,0 days 00:00:00.220316,0.4923372432143786,False,True,True,False,4.885927388738135,0.08729631540175165,9,7,50,650,0.0027851556574858896,1.1094125783396718,0.8391727166294736,False,True,True,True,True,True,False,True,True,COMPLETE
122,-0.6380991847876347,2026-03-16 00:06:10.300291,2026-03-16 00:06:10.518946,0 days 00:00:00.218655,0.4139170002266178,False,True,True,False,4.794366373404598,0.10800437118760194,10,8,50,700,0.002421019928097287,0.7301115686041412,0.8538069632248854,False,True,True,True,True,True,False,True,True,COMPLETE
123,-0.6410690192020301,2026-03-16 00:06:10.519421,2026-03-16 00:06:10.738076,0 days 00:00:00.218655,0.4082424771555389,False,True,True,False,4.607883714469625,0.09792593770683528,10,8,50,700,0.0022005406844488686,0.7687366147540404,0.8039019791954266,False,True,True,True,True,True,False,True,True,COMPLETE
124,-0.6348477786671032,2026-03-16 00:06:10.738585,2026-03-16 00:06:10.978706,0 days 00:00:00.240121,0.4297131062399125,False,True,True,False,4.784294661568393,0.06797474760261203,10,9,50,750,0.003111483645766456,0.5236825812751182,0.8515034696252173,False,True,True,True,True,True,False,True,True,COMPLETE
125,-0.6478315446449049,2026-03-16 00:06:10.979216,2026-03-16 00:06:11.199685,0 days 00:00:00.220469,0.42286447935989646,False,True,True,False,4.996722511219623,0.06798842966576829,10,8,50,750,0.002850323403920013,0.5492235476797716,0.9193534503446187,False,True,True,True,True,True,False,True,True,COMPLETE
126,-0.6418675494627519,2026-03-16 00:06:11.200191,2026-03-16 00:06:11.432065,0 days 00:00:00.231874,0.5188976770603847,False,True,True,False,4.798314468044725,0.09183583843959621,10,9,50,700,0.0033611311872645145,0.41669447542266463,0.8726713123109114,False,True,True,True,True,True,False,True,True,COMPLETE
127,-0.6479137106808749,2026-03-16 00:06:11.432575,2026-03-16 00:06:11.655880,0 days 00:00:00.223305,0.44183114756153946,False,False,True,False,4.772467668721776,0.12492715675022648,10,9,50,750,0.005215341931100936,0.23792755375873306,0.854461842797396,False,True,True,True,True,True,False,True,True,COMPLETE
128,-0.6723916145960489,2026-03-16 00:06:11.656596,2026-03-16 00:06:12.019775,0 days 00:00:00.363179,0.41891758538677437,False,True,True,False,0.9176333141296911,0.08227480028103727,10,9,50,800,0.0019820006922185965,0.5858279934058778,0.8338260000778349,False,True,True,True,True,True,False,True,True,COMPLETE
129,-0.6382090687607274,2026-03-16 00:06:12.020197,2026-03-16 00:06:12.218574,0 days 00:00:00.198377,0.468716202400933,False,True,True,False,4.886868690668157,0.07284403318142665,10,9,50,650,0.0025253736536474626,0.3341593687364419,0.8107670611135832,False,True,True,True,True,True,False,True,True,COMPLETE
130,-0.6411136903184833,2026-03-16 00:06:12.219057,2026-03-16 00:06:12.420348,0 days 00:00:00.201291,0.4708002845832328,False,True,True,False,4.920864996597032,0.07508314400786471,9,8,50,600,0.00706507918456673,0.3041671013669534,0.8104501889218666,False,True,True,True,True,True,False,True,True,COMPLETE
131,-0.6472179583925189,2026-03-16 00:06:12.420820,2026-03-16 00:06:12.754913,0 days 00:00:00.334093,0.4324409490086753,False,True,True,False,4.789853163766331,0.06997195926550358,10,9,50,650,0.002276498803980544,0.9561103084915621,0.8872964047294287,False,True,True,True,True,True,False,True,True,COMPLETE
132,-0.6433672928954616,2026-03-16 00:06:12.755425,2026-03-16 00:06:12.935074,0 days 00:00:00.179649,0.4078307844587737,False,True,True,False,4.6258055130943765,0.06557717884229494,10,9,50,500,0.0024960360502980375,1.4011971107542165,0.8198925842571047,False,True,True,True,True,True,False,True,True,COMPLETE
133,-0.634707171786915,2026-03-16 00:06:12.935558,2026-03-16 00:06:13.127160,0 days 00:00:00.191602,0.45200270929692693,False,True,True,False,4.903837752496195,0.08394481315728156,10,9,50,550,0.0018206688384694218,0.7436919678836766,0.8476818399639531,False,True,True,True,True,True,False,True,True,COMPLETE
134,-0.6430957807772087,2026-03-16 00:06:13.127644,2026-03-16 00:06:13.371598,0 days 00:00:00.243954,0.45223583372256615,False,True,True,False,4.952944116907959,0.10280578425079526,10,9,50,700,0.0018193723558253964,0.7360810720381668,0.8479043474778893,False,True,True,True,True,True,False,True,True,COMPLETE
135,-0.6459230965412024,2026-03-16 00:06:13.372060,2026-03-16 00:06:13.472023,0 days 00:00:00.099963,0.46426115293511816,False,True,True,False,4.866064467701706,0.08454497623591523,10,8,50,50,0.0032284425157166757,0.35371165829826845,0.8651148565290578,False,True,True,True,True,True,False,True,True,COMPLETE
136,-0.639256043694236,2026-03-16 00:06:13.472460,2026-03-16 00:06:13.640017,0 days 00:00:00.167557,0.44473533680156196,False,True,True,False,4.785201241995598,0.09324790641152679,10,9,20,500,0.001536247611745272,0.6097668044748182,0.8356398201959722,False,True,True,True,True,True,False,True,True,COMPLETE
137,-0.6410499125682947,2026-03-16 00:06:13.640656,2026-03-16 00:06:13.812530,0 days 00:00:00.171874,0.48335348576527876,False,True,True,False,4.990783315415455,0.0970184799308382,10,9,15,450,0.0014639038289359647,0.5988873200269448,0.8349761156719528,False,True,True,True,True,True,False,True,True,COMPLETE
138,-0.6435047725330699,2026-03-16 00:06:13.813002,2026-03-16 00:06:14.036117,0 days 00:00:00.223115,0.4448002907728015,False,True,True,False,4.782510210174531,0.0898826370400316,10,9,15,600,0.0011886767118323431,0.49190056809365085,0.8980471377770513,False,True,True,True,True,True,False,True,True,COMPLETE
139,-0.6443391097964664,2026-03-16 00:06:14.036615,2026-03-16 00:06:14.188100,0 days 00:00:00.151485,0.5599472857351587,False,True,False,False,4.898992302129895,0.11083431301875721,10,9,20,500,0.0015460594794439299,0.8604717071931062,0.8776399141278025,False,True,True,True,True,True,False,True,True,COMPLETE
140,-0.6659943584673333,2026-03-16 00:06:14.188579,2026-03-16 00:06:14.378444,0 days 00:00:00.189865,0.42680445782634346,False,True,True,False,1.923407249402644,0.07757203733009052,9,8,20,550,0.003833235980343413,0.4067606865891504,0.8552871602420574,False,True,True,True,True,True,False,True,False,COMPLETE
141,-0.6409206162366,2026-03-16 00:06:14.378925,2026-03-16 00:06:14.561110,0 days 00:00:00.182185,0.41092475147941815,False,True,True,False,4.785127588907791,0.08088580881348678,10,9,25,500,0.0019040744363900855,1.910920297097983,0.8079364989088893,False,True,True,True,True,True,False,True,True,COMPLETE
142,-0.6397078529126716,2026-03-16 00:06:14.561616,2026-03-16 00:06:14.763600,0 days 00:00:00.201984,0.45442004120259255,False,True,True,False,4.536211538307518,0.07256943845175454,10,9,10,350,0.0030214090730456065,1.1096736529603726,0.8291221194184036,False,True,True,True,True,True,False,True,True,COMPLETE
143,-0.6419998610236428,2026-03-16 00:06:14.764030,2026-03-16 00:06:14.992748,0 days 00:00:00.228718,0.39958066831628897,False,True,True,False,4.720353360570836,0.09508721532186055,10,5,50,750,0.002505113612171157,1.395251123393652,0.8463499822902226,False,True,True,True,True,True,False,True,True,COMPLETE
144,-0.6408474520192003,2026-03-16 00:06:14.993264,2026-03-16 00:06:15.238965,0 days 00:00:00.245701,0.44004784045997974,False,True,True,False,4.626879366130089,0.0836991265924461,10,9,50,650,0.0012789111900928826,0.7237742987868209,0.8187256282152977,False,True,True,True,True,True,False,True,True,COMPLETE
145,-0.639625164898959,2026-03-16 00:06:15.239463,2026-03-16 00:06:15.455771,0 days 00:00:00.216308,0.47573741648028445,False,True,True,False,4.899665521057716,0.06449706518343448,10,7,50,550,0.004427229571265395,0.9267869343596709,0.866406376923401,False,True,True,True,True,True,False,True,True,COMPLETE
146,-0.6419629423257077,2026-03-16 00:06:15.456227,2026-03-16 00:06:15.715836,0 days 00:00:00.259609,0.39142692459683337,False,True,True,False,4.755447100031884,0.12538780110768388,10,9,50,800,0.0017859340887904959,1.6152510603001144,0.8030781498778292,False,True,True,True,True,True,False,True,True,COMPLETE
147,-0.6434164185379492,2026-03-16 00:06:15.716299,2026-03-16 00:06:15.957761,0 days 00:00:00.241462,0.4245383788000847,False,True,True,False,4.847312134537084,0.07086039033421988,10,9,50,750,0.0029292848451000055,1.2332625163467263,0.8401045823601215,False,True,True,True,True,True,False,True,True,COMPLETE
148,-0.6377591980153865,2026-03-16 00:06:15.958239,2026-03-16 00:06:16.219395,0 days 00:00:00.261156,0.44410644852325737,False,True,True,False,4.514316005897763,0.05656880665533351,10,9,50,700,0.002253528839250921,0.5547283800456401,0.8203135791416931,False,True,True,True,True,True,False,True,True,COMPLETE
149,-0.6452165963433005,2026-03-16 00:06:16.219850,2026-03-16 00:06:16.410703,0 days 00:00:00.190853,0.45185800602471016,False,False,True,False,4.497496492899795,0.0557653731821758,10,9,30,700,0.003553260159185634,0.5486152133662766,0.8204431683441261,False,True,True,True,True,True,False,True,True,COMPLETE
150,-0.6521639679417467,2026-03-16 00:06:16.411465,2026-03-16 00:06:16.652960,0 days 00:00:00.241495,0.43119266872566037,False,True,True,False,4.998596385753594,0.1558870814381202,9,8,20,700,0.0015975043470739633,0.20957968676955036,0.8499685770484328,False,True,True,True,True,True,False,False,True,COMPLETE
151,-0.6472278866045403,2026-03-16 00:06:16.653574,2026-03-16 00:06:16.926535,0 days 00:00:00.272961,0.48499887849948337,False,True,True,False,4.634091728961936,0.06108995395778354,10,9,50,650,0.0022650379917572303,0.7965267742720974,0.8123862861516373,False,True,True,True,True,True,False,True,True,COMPLETE
152,-0.6379845097570709,2026-03-16 00:06:16.926986,2026-03-16 00:06:17.218462,0 days 00:00:00.291476,0.4644043783067481,False,True,True,False,4.700802932133921,0.06639866509327118,10,9,50,800,0.0020242051398151498,0.6492736010466494,0.8303718299324344,False,True,True,True,True,True,False,True,True,COMPLETE
153,-0.6373294600573454,2026-03-16 00:06:17.218962,2026-03-16 00:06:17.513105,0 days 00:00:00.294143,0.46598217251137664,False,True,True,False,4.854493140993661,0.07560179452625325,10,9,50,800,0.0027091721653371465,0.6184710567364001,0.8332278285679018,False,True,True,True,True,True,False,True,True,COMPLETE
154,-0.6406382681817719,2026-03-16 00:06:17.513786,2026-03-16 00:06:17.858196,0 days 00:00:00.344410,0.5182489834207392,False,True,True,False,4.781733105880004,0.07665051459594042,10,9,50,800,0.005362651293710893,0.4445783942855807,0.8329734113267129,False,True,True,True,True,True,False,True,True,COMPLETE
155,-0.6590393707390988,2026-03-16 00:06:17.858757,2026-03-16 00:06:18.079720,0 days 00:00:00.220963,0.4695321701200184,False,True,True,False,4.568996500559717,0.08674305922236535,10,9,50,700,0.001892392454593769,0.6349695148824597,0.5431292038879794,False,True,True,True,True,True,False,True,True,COMPLETE
156,-0.6344479674714985,2026-03-16 00:06:18.080196,2026-03-16 00:06:18.274627,0 days 00:00:00.194431,0.46026793294460944,False,True,True,False,4.416831590423101,0.1031939506837092,10,9,50,550,0.0037603159139854236,0.32136562408922914,0.8263542249139721,False,True,True,True,True,True,False,True,True,COMPLETE
157,-0.6433680495926829,2026-03-16 00:06:18.275206,2026-03-16 00:06:18.478041,0 days 00:00:00.202835,0.5053978836117716,False,True,True,False,4.35913417512844,0.11530321722537468,10,8,50,600,0.003957781102939847,0.364545703373395,0.8277226524744093,False,True,True,True,True,True,False,True,True,COMPLETE
158,-0.6388398939768474,2026-03-16 00:06:18.478534,2026-03-16 00:06:18.793763,0 days 00:00:00.315229,0.4621366482044739,False,True,True,False,4.4440765265164535,0.10400630043086381,10,9,50,800,0.00295695516407508,0.2838944762595097,0.8617793258105625,False,True,True,True,True,True,False,True,True,COMPLETE
159,-0.6421390002857554,2026-03-16 00:06:18.794196,2026-03-16 00:06:19.114288,0 days 00:00:00.320092,0.4617498191466704,False,True,True,False,4.491457638190773,0.07278668452740057,10,9,50,800,0.003092301029220205,0.25445208955409715,0.8598332602082592,False,True,True,True,True,True,False,True,True,COMPLETE
160,-0.6446781442526616,2026-03-16 00:06:19.114721,2026-03-16 00:06:19.367786,0 days 00:00:00.253065,0.48181128406653184,False,True,True,False,4.664278927483973,0.11116372753488295,9,8,50,800,0.002689539951037733,0.3217710688320933,0.8446420498947419,False,True,True,True,True,True,False,True,True,COMPLETE
161,-0.6343012272805878,2026-03-16 00:06:19.368303,2026-03-16 00:06:19.601177,0 days 00:00:00.232874,0.46170167361245334,False,True,True,False,4.420597785238305,0.10430261166408263,10,9,50,750,0.004760331432121862,0.4758796606943286,0.8242843776657776,False,True,True,True,True,True,False,True,True,COMPLETE
162,-0.6422364417856391,2026-03-16 00:06:19.601689,2026-03-16 00:06:19.847176,0 days 00:00:00.245487,0.4725809634963704,False,True,True,False,4.422531048261105,0.10018843515945851,10,9,50,750,0.0023181647951629,0.5094365513594481,0.8196758866999241,False,True,True,True,True,True,False,True,True,COMPLETE
163,-0.6396496800220375,2026-03-16 00:06:19.847724,2026-03-16 00:06:20.070315,0 days 00:00:00.222591,0.45748726102804754,False,True,True,False,4.136674809732431,0.13489650976154513,10,9,50,700,0.0046434029909688855,0.13632822938508488,0.8585687319549592,False,True,True,True,True,True,False,True,True,COMPLETE
164,-0.653497000578678,2026-03-16 00:06:20.070801,2026-03-16 00:06:20.314331,0 days 00:00:00.243530,0.4404400131487653,False,True,True,False,4.8593178527425716,0.10546466709151549,10,3,50,650,0.00341397357581723,0.21129739245316698,0.8818007556557654,False,True,True,True,True,True,False,True,True,COMPLETE
165,-0.6397833977034598,2026-03-16 00:06:20.314816,2026-03-16 00:06:20.558711,0 days 00:00:00.243895,0.5100328740431485,False,True,True,False,4.2842101446649945,0.08036235015893363,10,9,50,750,0.0019942424239624587,0.424207833080117,0.8086928385154585,False,True,True,True,True,True,False,True,True,COMPLETE
166,-0.6398905536767209,2026-03-16 00:06:20.559540,2026-03-16 00:06:20.835950,0 days 00:00:00.276410,0.4143041059795023,False,True,True,False,4.7039903723992404,0.09053342822685168,10,9,50,650,0.005497542204678514,0.718876692843314,0.8434974157148089,False,True,True,True,True,True,False,True,True,COMPLETE
167,-0.6477753306302159,2026-03-16 00:06:20.836418,2026-03-16 00:06:21.093338,0 days 00:00:00.256920,0.43222994682314636,False,True,False,False,4.998984167723997,0.1198935904403759,10,9,50,800,0.002844271780098275,0.2961085616205463,0.7994349853867843,False,True,True,True,True,True,True,True,True,COMPLETE
168,-0.6378188411250258,2026-03-16 00:06:21.093845,2026-03-16 00:06:21.348495,0 days 00:00:00.254650,0.5409081487332567,False,True,True,False,4.5397250609603255,0.10414607790624712,10,9,50,750,0.004622086696897619,0.547131801068122,0.8294222099098612,False,True,True,True,True,True,False,True,True,COMPLETE
169,-0.6453802969961456,2026-03-16 00:06:21.348976,2026-03-16 00:06:21.583576,0 days 00:00:00.234600,0.5322270170801948,False,True,True,False,4.555821981239704,0.06863994016134575,10,8,50,700,0.007629707969962336,0.8484861497226122,0.8270491862631149,False,True,True,True,True,True,False,True,False,COMPLETE
170,-0.6339112927696922,2026-03-16 00:06:21.584069,2026-03-16 00:06:21.828368,0 days 00:00:00.244299,0.5450624183669699,False,True,True,False,4.890802840765502,0.08530954185248006,10,9,50,750,0.004160643390773152,0.5209538824918517,0.8146908037072369,False,True,True,True,True,True,False,True,True,COMPLETE
171,-0.6363890867522268,2026-03-16 00:06:21.828843,2026-03-16 00:06:22.083989,0 days 00:00:00.255146,0.5857690833135325,False,True,True,False,4.859718995250847,0.08597592487870874,10,9,50,750,0.004511426368150947,0.5435645581484305,0.814142393266799,False,True,True,True,True,True,False,True,True,COMPLETE
172,-0.6392800123619311,2026-03-16 00:06:22.084500,2026-03-16 00:06:22.356185,0 days 00:00:00.271685,0.6104802457450547,False,True,True,False,4.734436277109131,0.08541589958435813,10,9,50,750,0.005972849444257539,0.5865224838701023,0.8215480504157467,False,True,True,True,True,True,False,True,True,COMPLETE
173,-0.6425875431407582,2026-03-16 00:06:22.356685,2026-03-16 00:06:22.758645,0 days 00:00:00.401960,0.5447063334954764,False,True,True,False,4.8242972022748,0.09653006281026241,10,9,50,750,0.004542269414649694,0.5129649752191128,0.8357707768066125,False,True,True,True,True,True,False,True,True,COMPLETE
174,-0.6385557739084418,2026-03-16 00:06:22.759422,2026-03-16 00:06:23.059256,0 days 00:00:00.299834,0.6056724650203847,False,True,True,False,4.636007952975264,0.0810583367212897,10,9,50,850,0.004239927696561388,0.7360706434483587,0.7989172544901357,False,True,True,True,True,True,False,True,True,COMPLETE
175,-0.6375959384513624,2026-03-16 00:06:23.059952,2026-03-16 00:06:23.296202,0 days 00:00:00.236250,0.5747239047256776,False,True,True,False,4.89670562514864,0.08645778249344005,10,9,50,700,0.008652846037222828,0.44443477664484365,0.8151955109070266,False,True,True,True,True,True,False,True,True,COMPLETE
176,-0.6507569410439694,2026-03-16 00:06:23.296695,2026-03-16 00:06:23.493046,0 days 00:00:00.196351,0.49538436727800145,False,True,True,False,4.999142939432211,0.08874303222211877,10,9,50,750,0.006667528823812554,0.4549245260584954,0.8157912834592567,False,True,True,True,True,True,False,False,True,COMPLETE
177,-0.6400244646939364,2026-03-16 00:06:23.493537,2026-03-16 00:06:23.779551,0 days 00:00:00.286014,0.5875482507860885,False,True,True,False,4.870102779110087,0.07699186960323898,10,9,50,800,0.005023027213990014,0.3766815451276116,0.8245494480884203,False,True,True,True,True,True,False,True,True,COMPLETE
178,-0.648138063777577,2026-03-16 00:06:23.780054,2026-03-16 00:06:23.996759,0 days 00:00:00.216705,0.6347183185548949,False,False,True,False,4.917388484664146,0.09523177673023753,10,9,50,750,0.003980174722876301,0.6012476567513114,0.8058650163334742,False,True,True,True,True,True,False,True,True,COMPLETE
179,-0.6392873084906376,2026-03-16 00:06:23.997217,2026-03-16 00:06:24.251162,0 days 00:00:00.253945,0.5531194651509892,False,True,True,False,4.698190132829088,0.08508756985520535,10,9,50,700,0.009071883320884858,0.9159294734109982,0.7946915277244734,False,True,True,True,True,True,False,True,True,COMPLETE
180,-0.6391202986746124,2026-03-16 00:06:24.251646,2026-03-16 00:06:24.525001,0 days 00:00:00.273355,0.5594387959065414,False,True,True,False,4.561736929973952,0.07773438199903171,9,9,50,800,0.003279247701616145,0.4743048407864839,0.8350188899339622,False,True,True,True,True,True,False,True,True,COMPLETE
181,-0.641268747589805,2026-03-16 00:06:24.525747,2026-03-16 00:06:24.841844,0 days 00:00:00.316097,0.5719880562131412,False,True,True,False,4.764831531112058,0.10124834010256144,10,9,50,700,0.0036427770900372253,0.6436098384580178,0.8512002786323101,False,True,True,True,True,True,False,True,True,COMPLETE
182,-0.6399812568028768,2026-03-16 00:06:24.842409,2026-03-16 00:06:25.093095,0 days 00:00:00.250686,0.6721134474357401,False,True,True,False,4.831261135064734,0.09100816018435536,10,9,50,750,0.002343556557791157,1.007478999019253,0.8268582987581011,False,True,True,True,True,True,False,True,True,COMPLETE
183,-0.6441288080793439,2026-03-16 00:06:25.093616,2026-03-16 00:06:25.321400,0 days 00:00:00.227784,0.44580385079906415,False,True,True,False,4.920063224177806,0.1048509842162489,10,8,50,700,0.43891454100601246,0.8339510947716575,0.8425371401686363,False,True,True,True,True,True,False,True,True,COMPLETE
184,-0.6378497561541471,2026-03-16 00:06:25.321891,2026-03-16 00:06:25.591747,0 days 00:00:00.269856,0.5685732693795614,False,True,True,False,4.722443365028708,0.1132716459504124,10,9,50,750,0.005898291772765537,0.6891429225137949,0.8152865852794065,False,True,True,True,True,True,False,True,True,COMPLETE
185,-0.6374289403106227,2026-03-16 00:06:25.592456,2026-03-16 00:06:25.879510,0 days 00:00:00.287054,0.5783224852814982,False,True,True,False,4.636899626817818,0.06937410508859092,10,9,50,850,0.005911545356671961,0.53780733357175,0.8126722701729113,False,True,True,True,True,True,False,True,True,COMPLETE
186,-0.639868013121865,2026-03-16 00:06:25.880023,2026-03-16 00:06:26.154976,0 days 00:00:00.274953,0.5821443216285607,False,True,True,False,4.640013849948704,0.08449742990697119,10,9,50,850,0.006413037848912832,0.5223707301000231,0.8177008225938387,False,True,True,True,True,True,False,True,True,COMPLETE
187,-0.6394621058377353,2026-03-16 00:06:26.155463,2026-03-16 00:06:26.409996,0 days 00:00:00.254533,0.5698441033974747,False,True,True,False,4.916158474434529,0.07423176904378326,10,9,50,750,0.008024428600351291,0.39473440661033304,0.8081846252673869,False,True,True,True,True,True,False,True,True,COMPLETE
188,-0.645760282198588,2026-03-16 00:06:26.410501,2026-03-16 00:06:26.694154,0 days 00:00:00.283653,0.5998711446324151,False,True,True,False,4.548157216539387,0.1249725754414762,10,9,50,850,0.011816513517214959,1.1063583522910128,0.7930139104961731,False,True,True,True,True,True,False,True,True,COMPLETE
189,-0.6395771321672383,2026-03-16 00:06:26.694656,2026-03-16 00:06:26.948186,0 days 00:00:00.253530,0.5272608894845112,False,True,True,False,4.761215125459984,0.07987197925562446,10,9,50,750,0.004973452819436375,0.5231926451624048,0.8153531045942036,False,True,True,True,True,True,False,True,True,COMPLETE
190,-0.6356288566011372,2026-03-16 00:06:26.948689,2026-03-16 00:06:27.154148,0 days 00:00:00.205459,0.544290990399185,False,True,True,False,4.989693585586588,0.09458488835749573,10,9,50,600,0.005558067638190449,0.7245005747845735,0.802154801803963,False,True,True,True,True,True,False,True,True,COMPLETE
191,-0.6411816310304583,2026-03-16 00:06:27.154686,2026-03-16 00:06:27.406217,0 days 00:00:00.251531,0.5838881995614776,False,True,True,False,4.928147851901862,0.09881530007265045,10,9,50,550,0.005658955074732013,0.780139423135993,0.8033246993494131,False,True,True,True,True,True,False,True,True,COMPLETE
192,-0.6408988186518352,2026-03-16 00:06:27.406705,2026-03-16 00:06:27.630801,0 days 00:00:00.224096,0.5438348886659227,False,True,True,False,4.989047858301835,0.09220280146986518,10,9,50,600,0.006517473873604718,0.5981218171777839,0.78782789836127,False,True,True,True,True,True,False,True,True,COMPLETE
193,-0.6348747166720303,2026-03-16 00:06:27.631310,2026-03-16 00:06:27.903107,0 days 00:00:00.271797,0.5491464724579083,False,True,True,False,4.815347627526823,0.11055624862896164,10,9,50,600,0.004412650198121381,0.4202817366580374,0.8126451208812421,False,True,True,True,True,True,False,True,True,COMPLETE
194,-0.6499824400526105,2026-03-16 00:06:27.903578,2026-03-16 00:06:28.118459,0 days 00:00:00.214881,0.5579008667257331,False,True,True,False,2.7044345335993483,0.11809750799140611,10,9,50,550,0.004698554407351418,0.4366192602199993,0.8197885673264996,False,True,True,True,True,True,False,True,True,COMPLETE
195,-0.6646630733085401,2026-03-16 00:06:28.118914,2026-03-16 00:06:28.404485,0 days 00:00:00.285571,0.542961477997473,False,True,True,False,0.3391413601834907,0.11102829458560502,10,9,50,600,0.009482617857571818,0.39245719923275957,0.8121366425391197,False,True,True,True,True,True,False,True,True,COMPLETE
196,-0.6415043951381337,2026-03-16 00:06:28.404976,2026-03-16 00:06:28.630391,0 days 00:00:00.225415,0.570064046826674,False,True,True,False,4.829146611669524,0.09628111606991166,10,9,50,650,0.005658633245249387,0.6780807129684513,0.8388570785229257,False,True,True,True,True,True,False,True,True,COMPLETE
197,-0.6537358384276881,2026-03-16 00:06:28.630878,2026-03-16 00:06:28.873313,0 days 00:00:00.242435,0.6228184821615848,False,True,False,False,4.6482011708010695,0.08904827237126,10,9,50,650,0.004066931322325545,0.5285706331302744,0.8252044447573329,False,True,True,True,True,True,True,True,True,COMPLETE
198,-0.6393403615084562,2026-03-16 00:06:28.873777,2026-03-16 00:06:29.069998,0 days 00:00:00.196221,0.5308687169423368,False,True,True,False,4.752745504157234,0.11061386132655249,10,9,50,550,0.007419274801017116,0.3437756678012331,0.8015880130357816,False,True,True,True,True,True,False,True,True,COMPLETE
199,-0.6451081850745461,2026-03-16 00:06:29.070566,2026-03-16 00:06:29.305982,0 days 00:00:00.235416,0.5100263971736569,False,True,True,False,4.7995474825162345,0.08341285226856733,10,9,50,700,0.00470392622265824,0.47736200816521707,0.832625378324361,False,True,True,True,True,True,False,True,False,COMPLETE
